"0",""
"0",""
"0",""
"0","# Analyze and visualize the most common ages, weights, genders "
"0","#and heights in the dataset."
"0",""
"0","total_of_group <- function(data, group_of, top_n) {"
"0","  "
"0","  result_table <- data %>%"
"0","    group_by({{ group_of }}) %>%"
"0","    summarize(Count = n()) %>%"
"0","    arrange(desc(Count)) %>%"
"0","    top_n(top_n, wt = Count)"
"0","  "
"0","  "
"0","  "
"0","  # Calculate peak values"
"0","  peak_values <- result_table %>%"
"0","    mutate(ranking = row_number())"
"0","   "
"0","  "
"0","  ggplot(result_table, aes(x = reorder({{ group_of }}, -Count), y = Count)) +"
"0","    geom_bar(stat = ""identity"", fill = ""yellow"", color = ""black"") +"
"0","    geom_text(aes(label = Count), vjust = -0.5, size = 3) +  "
"0","    geom_line(data = peak_values, aes(group = 1, x = reorder({{ group_of }}, -Count), y = Count), color = ""red"") +"
"0","    labs(title = paste(""Most Common"", deparse(substitute(group_of))), x = deparse(substitute(group_of)), y = ""Count"")"
"0","    "
"0","}"
"0",""
"0",""
"0","# Let's visualize the ages and also weights."
"0","total_of_group(my_data, age, 12)"
"2","Error in data %>% group_by({ : could not find function ""%>%""
"
